{"cameraMode":{"drawMode":0,"name":"Shaded","section":"Shading Mode"},"sceneLighting":false,"audioPlay":false,"sceneViewState":{"m_AlwaysRefresh":false,"showFog":true,"showSkybox":false,"showFlares":true,"showImageEffects":true,"showParticleSystems":true,"showVisualEffectGraphs":true,"m_FxEnabled":true},"in2DMode":false,"pivot":{"x":-0.25505340099334719,"y":0.3056068420410156,"z":0.06550002098083496},"rotation":{"x":-0.045687925070524219,"y":0.9162229299545288,"z":-0.10937128961086273,"w":-0.3827363848686218},"size":1.240523338317871,"orthographic":false}